"x2","n","welfare","sPr","P","dChisq","dDev","dBhat"
1,1,0,-0.1328,0.01727,0.01764,0.03497,0.00006
2,1,0,-0.1328,0.01727,0.01764,0.03497,0.00006
3,1,0,-0.1328,0.01727,0.01764,0.03497,0.00006
4,1,0,-0.1328,0.01727,0.01764,0.03497,0.00006
5,1,0,-0.1328,0.01727,0.01764,0.03497,0.00006
6,1,0,-0.1328,0.01727,0.01764,0.03497,0.00006
7,1,0,-0.1328,0.01727,0.01764,0.03497,0.00006
8,1,0,-0.1328,0.01727,0.01764,0.03497,0.00006
9,1,0,-0.1328,0.01727,0.01764,0.03497,0.00006
10,1,0,-0.1328,0.01727,0.01764,0.03497,0.00006
11,1,0,-0.1328,0.01727,0.01764,0.03497,0.00006
12,1,0,-0.1328,0.01727,0.01764,0.03497,0.00006
13,1,0,-0.1328,0.01727,0.01764,0.03497,0.00006
14,1,0,-0.1328,0.01727,0.01764,0.03497,0.00006
15,1,0,-0.1328,0.01727,0.01764,0.03497,0.00006
16,1,0,-0.1328,0.01727,0.01764,0.03497,0.00006
17,1,0,-0.1328,0.01727,0.01764,0.03497,0.00006
18,1,0,-0.1328,0.01727,0.01764,0.03497,0.00006
19,1,0,-0.1328,0.01727,0.01764,0.03497,0.00006
20,1,0,-0.1328,0.01727,0.01764,0.03497,0.00006
21,1,0,-0.1328,0.01727,0.01764,0.03497,0.00006
22,1,0,-0.1328,0.01727,0.01764,0.03497,0.00006
23,1,0,-0.1328,0.01727,0.01764,0.03497,0.00006
24,1,0,-0.1328,0.01727,0.01764,0.03497,0.00006
25,1,0,-0.1328,0.01727,0.01764,0.03497,0.00006
26,1,0,-0.1328,0.01727,0.01764,0.03497,0.00006
27,1,0,-0.1328,0.01727,0.01764,0.03497,0.00006
28,1,0,-0.1328,0.01727,0.01764,0.03497,0.00006
29,1,0,-0.1328,0.01727,0.01764,0.03497,0.00006
30,1,0,-0.1328,0.01727,0.01764,0.03497,0.00006
31,1,0,-0.1328,0.01727,0.01764,0.03497,0.00006
32,1,0,-0.1328,0.01727,0.01764,0.03497,0.00006
33,1,0,-0.1328,0.01727,0.01764,0.03497,0.00006
34,1,0,-0.1328,0.01727,0.01764,0.03497,0.00006
35,1,0,-0.1328,0.01727,0.01764,0.03497,0.00006
36,1,0,-0.1328,0.01727,0.01764,0.03497,0.00006
37,1,0,-0.1328,0.01727,0.01764,0.03497,0.00006
38,1,0,-0.1328,0.01727,0.01764,0.03497,0.00006
39,1,0,-0.1328,0.01727,0.01764,0.03497,0.00006
40,1,0,-0.1328,0.01727,0.01764,0.03497,0.00006
41,1,0,-0.1328,0.01727,0.01764,0.03497,0.00006
42,1,0,-0.1328,0.01727,0.01764,0.03497,0.00006
43,1,0,-0.19926,0.03811,0.0397,0.07787,0.00008
44,1,0,-0.19926,0.03811,0.0397,0.07787,0.00008
45,1,0,-0.19926,0.03811,0.0397,0.07787,0.00008
46,1,0,-0.19926,0.03811,0.0397,0.07787,0.00008
47,1,0,-0.19926,0.03811,0.0397,0.07787,0.00008
48,1,0,-0.19926,0.03811,0.0397,0.07787,0.00008
49,1,0,-0.19926,0.03811,0.0397,0.07787,0.00008
50,1,0,-0.19926,0.03811,0.0397,0.07787,0.00008
51,1,0,-0.19926,0.03811,0.0397,0.07787,0.00008
52,1,0,-0.19926,0.03811,0.0397,0.07787,0.00008
53,1,0,-0.19926,0.03811,0.0397,0.07787,0.00008
54,1,0,-0.19926,0.03811,0.0397,0.07787,0.00008
55,1,0,-0.19926,0.03811,0.0397,0.07787,0.00008
56,1,0,-0.19926,0.03811,0.0397,0.07787,0.00008
57,1,0,-0.19926,0.03811,0.0397,0.07787,0.00008
58,1,0,-0.19926,0.03811,0.0397,0.07787,0.00008
59,1,0,-0.19926,0.03811,0.0397,0.07787,0.00008
60,1,0,-0.19926,0.03811,0.0397,0.07787,0.00008
61,1,0,-0.19926,0.03811,0.0397,0.07787,0.00008
62,1,0,-0.19926,0.03811,0.0397,0.07787,0.00008
63,1,0,-0.19926,0.03811,0.0397,0.07787,0.00008
64,1,0,-0.19926,0.03811,0.0397,0.07787,0.00008
65,1,0,-0.19926,0.03811,0.0397,0.07787,0.00008
66,1,0,-0.19926,0.03811,0.0397,0.07787,0.00008
67,1,0,-0.19926,0.03811,0.0397,0.07787,0.00008
68,1,0,-0.19926,0.03811,0.0397,0.07787,0.00008
69,1,0,-0.19926,0.03811,0.0397,0.07787,0.00008
70,1,0,-0.19926,0.03811,0.0397,0.07787,0.00008
71,1,0,-0.19926,0.03811,0.0397,0.07787,0.00008
72,1,0,-0.19926,0.03811,0.0397,0.07787,0.00008
73,1,0,-0.19926,0.03811,0.0397,0.07787,0.00008
74,1,0,-0.19926,0.03811,0.0397,0.07787,0.00008
75,1,0,-0.19926,0.03811,0.0397,0.07787,0.00008
76,1,0,-0.19926,0.03811,0.0397,0.07787,0.00008
77,1,0,-0.19926,0.03811,0.0397,0.07787,0.00008
78,1,0,-0.19926,0.03811,0.0397,0.07787,0.00008
79,1,0,-0.19926,0.03811,0.0397,0.07787,0.00008
80,1,0,-0.19926,0.03811,0.0397,0.07787,0.00008
81,1,0,-0.19926,0.03811,0.0397,0.07787,0.00008
82,1,0,-0.19926,0.03811,0.0397,0.07787,0.00008
83,1,0,-0.19926,0.03811,0.0397,0.07787,0.00008
84,1,0,-0.19926,0.03811,0.0397,0.07787,0.00008
85,1,0,-0.19926,0.03811,0.0397,0.07787,0.00008
86,1,0,-0.19926,0.03811,0.0397,0.07787,0.00008
87,1,0,-0.19926,0.03811,0.0397,0.07787,0.00008
88,1,0,-0.19926,0.03811,0.0397,0.07787,0.00008
89,1,0,-0.19926,0.03811,0.0397,0.07787,0.00008
90,1,0,-0.19926,0.03811,0.0397,0.07787,0.00008
91,1,0,-0.19926,0.03811,0.0397,0.07787,0.00008
92,1,0,-0.19926,0.03811,0.0397,0.07787,0.00008
93,1,0,-0.19926,0.03811,0.0397,0.07787,0.00008
94,1,0,-0.19926,0.03811,0.0397,0.07787,0.00008
95,1,0,-0.19926,0.03811,0.0397,0.07787,0.00008
96,1,0,-0.19926,0.03811,0.0397,0.07787,0.00008
97,1,0,-0.19926,0.03811,0.0397,0.07787,0.00008
98,1,0,-0.19926,0.03811,0.0397,0.07787,0.00008
99,1,0,-0.19926,0.03811,0.0397,0.07787,0.00008
100,1,0,-0.19926,0.03811,0.0397,0.07787,0.00008
101,1,0,-0.19926,0.03811,0.0397,0.07787,0.00008
102,1,0,-0.19926,0.03811,0.0397,0.07787,0.00008
103,1,0,-0.19926,0.03811,0.0397,0.07787,0.00008
104,1,0,-0.19926,0.03811,0.0397,0.07787,0.00008
105,1,0,-0.19926,0.03811,0.0397,0.07787,0.00008
106,1,0,-0.19926,0.03811,0.0397,0.07787,0.00008
107,1,0,-0.19926,0.03811,0.0397,0.07787,0.00008
108,1,0,-0.19926,0.03811,0.0397,0.07787,0.00008
109,1,0,-0.19926,0.03811,0.0397,0.07787,0.00008
110,1,0,-0.19926,0.03811,0.0397,0.07787,0.00008
111,1,0,-0.19926,0.03811,0.0397,0.07787,0.00008
112,1,0,-0.19926,0.03811,0.0397,0.07787,0.00008
113,1,0,-0.19926,0.03811,0.0397,0.07787,0.00008
114,1,0,-0.19926,0.03811,0.0397,0.07787,0.00008
115,1,0,-0.19926,0.03811,0.0397,0.07787,0.00008
116,1,0,-0.19926,0.03811,0.0397,0.07787,0.00008
117,1,0,-0.19926,0.03811,0.0397,0.07787,0.00008
118,1,0,-0.19926,0.03811,0.0397,0.07787,0.00008
119,1,0,-0.19926,0.03811,0.0397,0.07787,0.00008
120,1,0,-0.19926,0.03811,0.0397,0.07787,0.00008
121,1,0,-0.19926,0.03811,0.0397,0.07787,0.00008
122,1,0,-0.19926,0.03811,0.0397,0.07787,0.00008
123,1,0,-0.19926,0.03811,0.0397,0.07787,0.00008
124,1,0,-0.19926,0.03811,0.0397,0.07787,0.00008
125,1,0,-0.19926,0.03811,0.0397,0.07787,0.00008
126,1,0,-0.19926,0.03811,0.0397,0.07787,0.00008
127,1,0,-0.19926,0.03811,0.0397,0.07787,0.00008
128,1,0,-0.19926,0.03811,0.0397,0.07787,0.00008
129,1,0,-0.19926,0.03811,0.0397,0.07787,0.00008
130,1,0,-0.19926,0.03811,0.0397,0.07787,0.00008
131,1,0,-0.19926,0.03811,0.0397,0.07787,0.00008
132,1,0,-0.19926,0.03811,0.0397,0.07787,0.00008
133,1,0,-0.19926,0.03811,0.0397,0.07787,0.00008
134,1,0,-0.19926,0.03811,0.0397,0.07787,0.00008
135,1,0,-0.19926,0.03811,0.0397,0.07787,0.00008
136,1,0,-0.19926,0.03811,0.0397,0.07787,0.00008
137,1,0,-0.19926,0.03811,0.0397,0.07787,0.00008
138,1,0,-0.19926,0.03811,0.0397,0.07787,0.00008
139,1,0,-0.19926,0.03811,0.0397,0.07787,0.00008
140,1,0,-0.19926,0.03811,0.0397,0.07787,0.00008
141,1,0,-0.19926,0.03811,0.0397,0.07787,0.00008
142,1,0,-0.19926,0.03811,0.0397,0.07787,0.00008
143,1,0,-0.19926,0.03811,0.0397,0.07787,0.00008
144,1,0,-0.19926,0.03811,0.0397,0.07787,0.00008
145,1,0,-0.19926,0.03811,0.0397,0.07787,0.00008
146,1,0,-0.19926,0.03811,0.0397,0.07787,0.00008
147,1,0,-0.19926,0.03811,0.0397,0.07787,0.00008
148,1,0,-0.19926,0.03811,0.0397,0.07787,0.00008
149,1,0,-0.19926,0.03811,0.0397,0.07787,0.00008
150,1,0,-0.19926,0.03811,0.0397,0.07787,0.00008
151,1,0,-0.19926,0.03811,0.0397,0.07787,0.00008
152,1,0,-0.19926,0.03811,0.0397,0.07787,0.00008
153,1,0,-0.19926,0.03811,0.0397,0.07787,0.00008
154,1,0,-0.19926,0.03811,0.0397,0.07787,0.00008
155,1,0,-0.19926,0.03811,0.0397,0.07787,0.00008
156,1,0,-0.19926,0.03811,0.0397,0.07787,0.00008
157,1,0,-0.19926,0.03811,0.0397,0.07787,0.00008
158,1,0,-0.19926,0.03811,0.0397,0.07787,0.00008
159,1,0,-0.19926,0.03811,0.0397,0.07787,0.00008
160,1,0,-0.19926,0.03811,0.0397,0.07787,0.00008
161,1,0,-0.19926,0.03811,0.0397,0.07787,0.00008
162,1,0,-0.19926,0.03811,0.0397,0.07787,0.00008
163,1,0,-0.19926,0.03811,0.0397,0.07787,0.00008
164,1,0,-0.19926,0.03811,0.0397,0.07787,0.00008
165,1,0,-0.19926,0.03811,0.0397,0.07787,0.00008
166,1,0,-0.19926,0.03811,0.0397,0.07787,0.00008
167,1,0,-0.19926,0.03811,0.0397,0.07787,0.00008
168,1,0,-0.19926,0.03811,0.0397,0.07787,0.00008
169,1,0,-0.19926,0.03811,0.0397,0.07787,0.00008
170,1,0,-0.19926,0.03811,0.0397,0.07787,0.00008
171,1,0,-0.19926,0.03811,0.0397,0.07787,0.00008
172,1,0,-0.19926,0.03811,0.0397,0.07787,0.00008
173,1,0,-0.19926,0.03811,0.0397,0.07787,0.00008
174,1,0,-0.19926,0.03811,0.0397,0.07787,0.00008
175,1,0,-0.19926,0.03811,0.0397,0.07787,0.00008
176,1,0,-0.19926,0.03811,0.0397,0.07787,0.00008
177,1,0,-0.19926,0.03811,0.0397,0.07787,0.00008
178,1,0,-0.19926,0.03811,0.0397,0.07787,0.00008
179,1,0,-0.19926,0.03811,0.0397,0.07787,0.00008
180,1,0,-0.19926,0.03811,0.0397,0.07787,0.00008
181,1,0,-0.19926,0.03811,0.0397,0.07787,0.00008
182,1,0,-0.19926,0.03811,0.0397,0.07787,0.00008
183,1,0,-0.19926,0.03811,0.0397,0.07787,0.00008
184,1,0,-0.19926,0.03811,0.0397,0.07787,0.00008
185,1,0,-0.19926,0.03811,0.0397,0.07787,0.00008
186,1,0,-0.19926,0.03811,0.0397,0.07787,0.00008
187,1,0,-0.19926,0.03811,0.0397,0.07787,0.00008
188,1,0,-0.19926,0.03811,0.0397,0.07787,0.00008
189,1,0,-0.19926,0.03811,0.0397,0.07787,0.00008
190,1,0,-0.19926,0.03811,0.0397,0.07787,0.00008
191,1,0,-0.19926,0.03811,0.0397,0.07787,0.00008
192,1,0,-0.19926,0.03811,0.0397,0.07787,0.00008
193,1,0,-0.19926,0.03811,0.0397,0.07787,0.00008
194,1,0,-0.19926,0.03811,0.0397,0.07787,0.00008
195,1,0,-0.19926,0.03811,0.0397,0.07787,0.00008
196,1,0,-0.19926,0.03811,0.0397,0.07787,0.00008
197,1,0,-0.19926,0.03811,0.0397,0.07787,0.00008
198,1,0,-0.19926,0.03811,0.0397,0.07787,0.00008
199,1,0,-0.19926,0.03811,0.0397,0.07787,0.00008
200,1,0,-0.19926,0.03811,0.0397,0.07787,0.00008
201,1,0,-0.19926,0.03811,0.0397,0.07787,0.00008
202,1,0,-0.19926,0.03811,0.0397,0.07787,0.00008
203,1,0,-0.19926,0.03811,0.0397,0.07787,0.00008
204,1,0,-0.19926,0.03811,0.0397,0.07787,0.00008
205,1,0,-0.19926,0.03811,0.0397,0.07787,0.00008
206,1,0,-0.19926,0.03811,0.0397,0.07787,0.00008
207,1,0,-0.19926,0.03811,0.0397,0.07787,0.00008
208,1,0,-0.19926,0.03811,0.0397,0.07787,0.00008
209,1,0,-0.19926,0.03811,0.0397,0.07787,0.00008
210,1,0,-0.19926,0.03811,0.0397,0.07787,0.00008
211,1,0,-0.19926,0.03811,0.0397,0.07787,0.00008
212,1,0,-0.19926,0.03811,0.0397,0.07787,0.00008
213,1,0,-0.19926,0.03811,0.0397,0.07787,0.00008
214,1,0,-0.19926,0.03811,0.0397,0.07787,0.00008
215,1,0,-0.19926,0.03811,0.0397,0.07787,0.00008
216,1,0,-0.19926,0.03811,0.0397,0.07787,0.00008
217,1,0,-0.19926,0.03811,0.0397,0.07787,0.00008
218,1,0,-0.19926,0.03811,0.0397,0.07787,0.00008
219,1,0,-0.19926,0.03811,0.0397,0.07787,0.00008
220,1,0,-0.19926,0.03811,0.0397,0.07787,0.00008
221,1,0,-0.19926,0.03811,0.0397,0.07787,0.00008
222,1,0,-0.19926,0.03811,0.0397,0.07787,0.00008
223,1,0,-0.19926,0.03811,0.0397,0.07787,0.00008
224,1,0,-0.19926,0.03811,0.0397,0.07787,0.00008
225,1,0,-0.19926,0.03811,0.0397,0.07787,0.00008
226,1,0,-0.19926,0.03811,0.0397,0.07787,0.00008
227,1,0,-0.19926,0.03811,0.0397,0.07787,0.00008
228,1,0,-0.19926,0.03811,0.0397,0.07787,0.00008
229,1,0,-0.19926,0.03811,0.0397,0.07787,0.00008
230,1,0,-0.19926,0.03811,0.0397,0.07787,0.00008
231,1,0,-0.19926,0.03811,0.0397,0.07787,0.00008
232,1,0,-0.19926,0.03811,0.0397,0.07787,0.00008
233,1,0,-0.19926,0.03811,0.0397,0.07787,0.00008
234,1,0,-0.19926,0.03811,0.0397,0.07787,0.00008
235,1,0,-0.19926,0.03811,0.0397,0.07787,0.00008
236,1,0,-0.19926,0.03811,0.0397,0.07787,0.00008
237,1,0,-0.19926,0.03811,0.0397,0.07787,0.00008
238,1,0,-0.19926,0.03811,0.0397,0.07787,0.00008
239,1,0,-0.19926,0.03811,0.0397,0.07787,0.00008
240,1,0,-0.19926,0.03811,0.0397,0.07787,0.00008
241,1,0,-0.19926,0.03811,0.0397,0.07787,0.00008
242,1,0,-0.19926,0.03811,0.0397,0.07787,0.00008
243,1,0,-0.19926,0.03811,0.0397,0.07787,0.00008
244,1,0,-0.19926,0.03811,0.0397,0.07787,0.00008
245,1,0,-0.19926,0.03811,0.0397,0.07787,0.00008
246,1,0,-0.19926,0.03811,0.0397,0.07787,0.00008
247,1,0,-0.19926,0.03811,0.0397,0.07787,0.00008
248,1,0,-0.19926,0.03811,0.0397,0.07787,0.00008
249,1,0,-0.19926,0.03811,0.0397,0.07787,0.00008
250,1,0,-0.19926,0.03811,0.0397,0.07787,0.00008
251,1,0,-0.19926,0.03811,0.0397,0.07787,0.00008
252,1,0,-0.19926,0.03811,0.0397,0.07787,0.00008
253,1,0,-0.19926,0.03811,0.0397,0.07787,0.00008
254,1,0,-0.19926,0.03811,0.0397,0.07787,0.00008
255,1,0,-0.19926,0.03811,0.0397,0.07787,0.00008
256,1,0,-0.19926,0.03811,0.0397,0.07787,0.00008
257,1,0,-0.19926,0.03811,0.0397,0.07787,0.00008
258,1,0,-0.19926,0.03811,0.0397,0.07787,0.00008
259,1,0,-0.19926,0.03811,0.0397,0.07787,0.00008
260,1,0,-0.19926,0.03811,0.0397,0.07787,0.00008
261,1,0,-0.19926,0.03811,0.0397,0.07787,0.00008
262,1,0,-0.19926,0.03811,0.0397,0.07787,0.00008
263,1,0,-0.19926,0.03811,0.0397,0.07787,0.00008
264,1,0,-0.19926,0.03811,0.0397,0.07787,0.00008
265,1,0,-0.19926,0.03811,0.0397,0.07787,0.00008
266,1,0,-0.19926,0.03811,0.0397,0.07787,0.00008
267,1,0,-0.19926,0.03811,0.0397,0.07787,0.00008
268,1,0,-0.19926,0.03811,0.0397,0.07787,0.00008
269,1,0,-0.19926,0.03811,0.0397,0.07787,0.00008
270,1,0,-0.19926,0.03811,0.0397,0.07787,0.00008
271,1,0,-0.19926,0.03811,0.0397,0.07787,0.00008
272,1,0,-0.19926,0.03811,0.0397,0.07787,0.00008
273,1,0,-0.19926,0.03811,0.0397,0.07787,0.00008
274,1,0,-0.19926,0.03811,0.0397,0.07787,0.00008
275,1,0,-0.19926,0.03811,0.0397,0.07787,0.00008
276,1,0,-0.19926,0.03811,0.0397,0.07787,0.00008
277,1,0,-0.19926,0.03811,0.0397,0.07787,0.00008
278,1,0,-0.19926,0.03811,0.0397,0.07787,0.00008
279,1,0,-0.19926,0.03811,0.0397,0.07787,0.00008
280,1,0,-0.19926,0.03811,0.0397,0.07787,0.00008
281,1,0,-0.19926,0.03811,0.0397,0.07787,0.00008
282,1,0,-0.19926,0.03811,0.0397,0.07787,0.00008
283,1,0,-0.19926,0.03811,0.0397,0.07787,0.00008
284,1,0,-0.19926,0.03811,0.0397,0.07787,0.00008
285,1,0,-0.19926,0.03811,0.0397,0.07787,0.00008
286,1,0,-0.19926,0.03811,0.0397,0.07787,0.00008
287,1,0,-0.19926,0.03811,0.0397,0.07787,0.00008
288,1,0,-0.19926,0.03811,0.0397,0.07787,0.00008
289,1,0,-0.19926,0.03811,0.0397,0.07787,0.00008
290,1,0,-0.19926,0.03811,0.0397,0.07787,0.00008
291,1,0,-0.19926,0.03811,0.0397,0.07787,0.00008
292,1,0,-0.19926,0.03811,0.0397,0.07787,0.00008
293,1,0,-0.19926,0.03811,0.0397,0.07787,0.00008
294,1,0,-0.19926,0.03811,0.0397,0.07787,0.00008
295,1,0,-0.19926,0.03811,0.0397,0.07787,0.00008
296,1,0,-0.19926,0.03811,0.0397,0.07787,0.00008
297,1,0,-0.19926,0.03811,0.0397,0.07787,0.00008
298,1,0,-0.19926,0.03811,0.0397,0.07787,0.00008
299,1,0,-0.19926,0.03811,0.0397,0.07787,0.00008
300,1,0,-0.19926,0.03811,0.0397,0.07787,0.00008
301,1,0,-0.19926,0.03811,0.0397,0.07787,0.00008
302,1,0,-0.19926,0.03811,0.0397,0.07787,0.00008
303,1,0,-0.19926,0.03811,0.0397,0.07787,0.00008
304,1,0,-0.19926,0.03811,0.0397,0.07787,0.00008
305,1,0,-0.19926,0.03811,0.0397,0.07787,0.00008
306,1,0,-0.19926,0.03811,0.0397,0.07787,0.00008
307,1,0,-0.19926,0.03811,0.0397,0.07787,0.00008
308,1,0,-0.19926,0.03811,0.0397,0.07787,0.00008
309,1,0,-0.19926,0.03811,0.0397,0.07787,0.00008
310,1,0,-0.19926,0.03811,0.0397,0.07787,0.00008
311,1,0,-0.19926,0.03811,0.0397,0.07787,0.00008
312,1,0,-0.19926,0.03811,0.0397,0.07787,0.00008
313,1,0,-0.19926,0.03811,0.0397,0.07787,0.00008
314,1,0,-0.19926,0.03811,0.0397,0.07787,0.00008
315,1,0,-0.19926,0.03811,0.0397,0.07787,0.00008
316,1,0,-0.19926,0.03811,0.0397,0.07787,0.00008
317,1,0,-0.19926,0.03811,0.0397,0.07787,0.00008
318,1,0,-0.19926,0.03811,0.0397,0.07787,0.00008
319,1,0,-0.19926,0.03811,0.0397,0.07787,0.00008
320,1,0,-0.19926,0.03811,0.0397,0.07787,0.00008
321,1,0,-0.19926,0.03811,0.0397,0.07787,0.00008
322,1,0,-0.15018,0.02197,0.02256,0.04461,0.00009
323,1,0,-0.15018,0.02197,0.02256,0.04461,0.00009
324,1,0,-0.15018,0.02197,0.02256,0.04461,0.00009
325,1,0,-0.15018,0.02197,0.02256,0.04461,0.00009
326,1,0,-0.15018,0.02197,0.02256,0.04461,0.00009
327,1,0,-0.15018,0.02197,0.02256,0.04461,0.00009
328,1,0,-0.15018,0.02197,0.02256,0.04461,0.00009
329,1,0,-0.15018,0.02197,0.02256,0.04461,0.00009
330,1,0,-0.15018,0.02197,0.02256,0.04461,0.00009
331,1,0,-0.15018,0.02197,0.02256,0.04461,0.00009
332,1,0,-0.15018,0.02197,0.02256,0.04461,0.00009
333,1,0,-0.15018,0.02197,0.02256,0.04461,0.00009
334,1,0,-0.15018,0.02197,0.02256,0.04461,0.00009
335,1,0,-0.15018,0.02197,0.02256,0.04461,0.00009
336,1,0,-0.15018,0.02197,0.02256,0.04461,0.00009
337,1,0,-0.15018,0.02197,0.02256,0.04461,0.00009
338,1,0,-0.15018,0.02197,0.02256,0.04461,0.00009
339,1,0,-0.15018,0.02197,0.02256,0.04461,0.00009
340,1,0,-0.15018,0.02197,0.02256,0.04461,0.00009
341,1,0,-0.15018,0.02197,0.02256,0.04461,0.00009
342,1,0,-0.15018,0.02197,0.02256,0.04461,0.00009
343,1,0,-0.15018,0.02197,0.02256,0.04461,0.00009
344,1,0,-0.15018,0.02197,0.02256,0.04461,0.00009
345,1,0,-0.15018,0.02197,0.02256,0.04461,0.00009
346,1,0,-0.15018,0.02197,0.02256,0.04461,0.00009
347,1,0,-0.15018,0.02197,0.02256,0.04461,0.00009
348,1,0,-0.15018,0.02197,0.02256,0.04461,0.00009
349,1,0,-0.15018,0.02197,0.02256,0.04461,0.00009
350,1,0,-0.15018,0.02197,0.02256,0.04461,0.00009
351,1,0,-0.15018,0.02197,0.02256,0.04461,0.00009
352,1,0,-0.15018,0.02197,0.02256,0.04461,0.00009
353,1,0,-0.15018,0.02197,0.02256,0.04461,0.00009
354,1,0,-0.15018,0.02197,0.02256,0.04461,0.00009
355,1,0,-0.15018,0.02197,0.02256,0.04461,0.00009
356,1,0,-0.15018,0.02197,0.02256,0.04461,0.00009
357,1,0,-0.15018,0.02197,0.02256,0.04461,0.00009
358,1,0,-0.15018,0.02197,0.02256,0.04461,0.00009
359,1,0,-0.15018,0.02197,0.02256,0.04461,0.00009
360,1,0,-0.22529,0.0482,0.05075,0.09902,0.00012
361,1,0,-0.22529,0.0482,0.05075,0.09902,0.00012
362,1,0,-0.22529,0.0482,0.05075,0.09902,0.00012
363,1,0,-0.22529,0.0482,0.05075,0.09902,0.00012
364,1,0,-0.22529,0.0482,0.05075,0.09902,0.00012
365,1,0,-0.22529,0.0482,0.05075,0.09902,0.00012
366,1,0,-0.22529,0.0482,0.05075,0.09902,0.00012
367,1,0,-0.22529,0.0482,0.05075,0.09902,0.00012
368,1,0,-0.22529,0.0482,0.05075,0.09902,0.00012
369,1,0,-0.22529,0.0482,0.05075,0.09902,0.00012
370,1,0,-0.22529,0.0482,0.05075,0.09902,0.00012
371,1,0,-0.22529,0.0482,0.05075,0.09902,0.00012
372,1,0,-0.22529,0.0482,0.05075,0.09902,0.00012
373,1,0,-0.22529,0.0482,0.05075,0.09902,0.00012
374,1,0,-0.22529,0.0482,0.05075,0.09902,0.00012
375,1,0,-0.22529,0.0482,0.05075,0.09902,0.00012
376,1,0,-0.22529,0.0482,0.05075,0.09902,0.00012
377,1,0,-0.22529,0.0482,0.05075,0.09902,0.00012
378,1,0,-0.22529,0.0482,0.05075,0.09902,0.00012
379,1,0,-0.22529,0.0482,0.05075,0.09902,0.00012
380,1,0,-0.22529,0.0482,0.05075,0.09902,0.00012
381,1,0,-0.22529,0.0482,0.05075,0.09902,0.00012
382,1,0,-0.22529,0.0482,0.05075,0.09902,0.00012
383,1,0,-0.22529,0.0482,0.05075,0.09902,0.00012
384,1,0,-0.22529,0.0482,0.05075,0.09902,0.00012
385,1,0,-0.22529,0.0482,0.05075,0.09902,0.00012
386,1,0,-0.22529,0.0482,0.05075,0.09902,0.00012
387,1,0,-0.22529,0.0482,0.05075,0.09902,0.00012
388,1,0,-0.22529,0.0482,0.05075,0.09902,0.00012
389,1,0,-0.22529,0.0482,0.05075,0.09902,0.00012
390,1,0,-0.22529,0.0482,0.05075,0.09902,0.00012
391,1,0,-0.22529,0.0482,0.05075,0.09902,0.00012
392,1,0,-0.22529,0.0482,0.05075,0.09902,0.00012
393,1,0,-0.22529,0.0482,0.05075,0.09902,0.00012
394,1,0,-0.22529,0.0482,0.05075,0.09902,0.00012
395,1,0,-0.22529,0.0482,0.05075,0.09902,0.00012
396,1,0,-0.22529,0.0482,0.05075,0.09902,0.00012
397,1,0,-0.22529,0.0482,0.05075,0.09902,0.00012
398,1,0,-0.22529,0.0482,0.05075,0.09902,0.00012
399,1,0,-0.22529,0.0482,0.05075,0.09902,0.00012
400,1,0,-0.22529,0.0482,0.05075,0.09902,0.00012
401,1,0,-0.22529,0.0482,0.05075,0.09902,0.00012
402,1,0,-0.22529,0.0482,0.05075,0.09902,0.00012
403,1,0,-0.22529,0.0482,0.05075,0.09902,0.00012
404,1,0,-0.22529,0.0482,0.05075,0.09902,0.00012
405,1,0,-0.22529,0.0482,0.05075,0.09902,0.00012
406,1,0,-0.22529,0.0482,0.05075,0.09902,0.00012
407,1,0,-0.22529,0.0482,0.05075,0.09902,0.00012
408,1,0,-0.22529,0.0482,0.05075,0.09902,0.00012
409,1,0,-0.22529,0.0482,0.05075,0.09902,0.00012
410,1,0,-0.22529,0.0482,0.05075,0.09902,0.00012
411,1,0,-0.22529,0.0482,0.05075,0.09902,0.00012
412,1,0,-0.22529,0.0482,0.05075,0.09902,0.00012
413,1,0,-0.22529,0.0482,0.05075,0.09902,0.00012
414,1,0,-0.22529,0.0482,0.05075,0.09902,0.00012
415,1,0,-0.22529,0.0482,0.05075,0.09902,0.00012
416,1,0,-0.22529,0.0482,0.05075,0.09902,0.00012
417,1,0,-0.22529,0.0482,0.05075,0.09902,0.00012
418,1,0,-0.22529,0.0482,0.05075,0.09902,0.00012
419,1,0,-0.22529,0.0482,0.05075,0.09902,0.00012
420,1,0,-0.22529,0.0482,0.05075,0.09902,0.00012
421,1,0,-0.22529,0.0482,0.05075,0.09902,0.00012
422,1,0,-0.22529,0.0482,0.05075,0.09902,0.00012
423,1,0,-0.22529,0.0482,0.05075,0.09902,0.00012
424,1,0,-0.22529,0.0482,0.05075,0.09902,0.00012
425,1,0,-0.22529,0.0482,0.05075,0.09902,0.00012
426,1,0,-0.22529,0.0482,0.05075,0.09902,0.00012
427,1,0,-0.22529,0.0482,0.05075,0.09902,0.00012
428,1,0,-0.22529,0.0482,0.05075,0.09902,0.00012
429,1,0,-0.22529,0.0482,0.05075,0.09902,0.00012
430,1,0,-0.22529,0.0482,0.05075,0.09902,0.00012
431,1,0,-0.22529,0.0482,0.05075,0.09902,0.00012
432,1,0,-0.22529,0.0482,0.05075,0.09902,0.00012
433,1,0,-0.22529,0.0482,0.05075,0.09902,0.00012
434,1,0,-0.22529,0.0482,0.05075,0.09902,0.00012
435,1,0,-0.22529,0.0482,0.05075,0.09902,0.00012
436,1,0,-0.22529,0.0482,0.05075,0.09902,0.00012
437,1,0,-0.22529,0.0482,0.05075,0.09902,0.00012
438,1,0,-0.22529,0.0482,0.05075,0.09902,0.00012
439,1,0,-0.22529,0.0482,0.05075,0.09902,0.00012
440,1,0,-0.22529,0.0482,0.05075,0.09902,0.00012
441,1,0,-0.22529,0.0482,0.05075,0.09902,0.00012
442,1,0,-0.22529,0.0482,0.05075,0.09902,0.00012
443,1,0,-0.22529,0.0482,0.05075,0.09902,0.00012
444,1,0,-0.22529,0.0482,0.05075,0.09902,0.00012
445,1,0,-0.22529,0.0482,0.05075,0.09902,0.00012
446,1,0,-0.22529,0.0482,0.05075,0.09902,0.00012
447,1,0,-0.22529,0.0482,0.05075,0.09902,0.00012
448,1,0,-0.22529,0.0482,0.05075,0.09902,0.00012
449,1,0,-0.22529,0.0482,0.05075,0.09902,0.00012
450,1,0,-0.22529,0.0482,0.05075,0.09902,0.00012
451,1,0,-0.22529,0.0482,0.05075,0.09902,0.00012
452,1,0,-0.22529,0.0482,0.05075,0.09902,0.00012
453,1,0,-0.22529,0.0482,0.05075,0.09902,0.00012
454,1,0,-0.22529,0.0482,0.05075,0.09902,0.00012
455,1,0,-0.22529,0.0482,0.05075,0.09902,0.00012
456,1,0,-0.22529,0.0482,0.05075,0.09902,0.00012
457,1,0,-0.22529,0.0482,0.05075,0.09902,0.00012
458,1,0,-0.22529,0.0482,0.05075,0.09902,0.00012
459,1,0,-0.22529,0.0482,0.05075,0.09902,0.00012
460,1,0,-0.22529,0.0482,0.05075,0.09902,0.00012
461,1,0,-0.22529,0.0482,0.05075,0.09902,0.00012
462,1,0,-0.22529,0.0482,0.05075,0.09902,0.00012
463,1,0,-0.22529,0.0482,0.05075,0.09902,0.00012
464,1,0,-0.22529,0.0482,0.05075,0.09902,0.00012
465,1,0,-0.22529,0.0482,0.05075,0.09902,0.00012
466,1,0,-0.22529,0.0482,0.05075,0.09902,0.00012
467,1,0,-0.22529,0.0482,0.05075,0.09902,0.00012
468,1,0,-0.22529,0.0482,0.05075,0.09902,0.00012
469,1,0,-0.22529,0.0482,0.05075,0.09902,0.00012
470,1,0,-0.22529,0.0482,0.05075,0.09902,0.00012
471,1,0,-0.22529,0.0482,0.05075,0.09902,0.00012
472,1,0,-0.22529,0.0482,0.05075,0.09902,0.00012
473,1,0,-0.22529,0.0482,0.05075,0.09902,0.00012
474,1,0,-0.22529,0.0482,0.05075,0.09902,0.00012
475,1,0,-0.22529,0.0482,0.05075,0.09902,0.00012
476,1,0,-0.22529,0.0482,0.05075,0.09902,0.00012
477,1,0,-0.22529,0.0482,0.05075,0.09902,0.00012
478,1,0,-0.22529,0.0482,0.05075,0.09902,0.00012
479,1,0,-0.22529,0.0482,0.05075,0.09902,0.00012
480,1,0,-0.22529,0.0482,0.05075,0.09902,0.00012
481,1,0,-0.22529,0.0482,0.05075,0.09902,0.00012
482,1,0,-0.22529,0.0482,0.05075,0.09902,0.00012
483,1,0,-0.22529,0.0482,0.05075,0.09902,0.00012
484,1,0,-0.22529,0.0482,0.05075,0.09902,0.00012
485,1,0,-0.22529,0.0482,0.05075,0.09902,0.00012
486,1,0,-0.22529,0.0482,0.05075,0.09902,0.00012
487,1,0,-0.22529,0.0482,0.05075,0.09902,0.00012
488,1,0,-0.22529,0.0482,0.05075,0.09902,0.00012
489,1,0,-0.22529,0.0482,0.05075,0.09902,0.00012
490,1,0,-0.22529,0.0482,0.05075,0.09902,0.00012
491,1,0,-0.22529,0.0482,0.05075,0.09902,0.00012
492,1,0,-0.22529,0.0482,0.05075,0.09902,0.00012
493,1,0,-0.22529,0.0482,0.05075,0.09902,0.00012
494,1,0,-0.22529,0.0482,0.05075,0.09902,0.00012
495,1,0,-0.22529,0.0482,0.05075,0.09902,0.00012
496,1,0,-0.22529,0.0482,0.05075,0.09902,0.00012
497,1,0,-0.22529,0.0482,0.05075,0.09902,0.00012
498,1,0,-0.22529,0.0482,0.05075,0.09902,0.00012
499,1,0,-0.22529,0.0482,0.05075,0.09902,0.00012
500,1,0,-0.22529,0.0482,0.05075,0.09902,0.00012
501,1,0,-0.22529,0.0482,0.05075,0.09902,0.00012
502,1,0,-0.22529,0.0482,0.05075,0.09902,0.00012
503,1,0,-0.22529,0.0482,0.05075,0.09902,0.00012
504,1,0,-0.22529,0.0482,0.05075,0.09902,0.00012
505,1,0,-0.22529,0.0482,0.05075,0.09902,0.00012
506,1,0,-0.22529,0.0482,0.05075,0.09902,0.00012
507,1,0,-0.22529,0.0482,0.05075,0.09902,0.00012
508,1,0,-0.22529,0.0482,0.05075,0.09902,0.00012
509,1,0,-0.22529,0.0482,0.05075,0.09902,0.00012
510,1,0,-0.22529,0.0482,0.05075,0.09902,0.00012
511,1,0,-0.22529,0.0482,0.05075,0.09902,0.00012
512,1,0,-0.22529,0.0482,0.05075,0.09902,0.00012
513,1,0,-0.22529,0.0482,0.05075,0.09902,0.00012
514,1,0,-0.22529,0.0482,0.05075,0.09902,0.00012
515,1,0,-0.22529,0.0482,0.05075,0.09902,0.00012
516,1,0,-0.22529,0.0482,0.05075,0.09902,0.00012
517,1,0,-0.22529,0.0482,0.05075,0.09902,0.00012
518,1,0,-0.22529,0.0482,0.05075,0.09902,0.00012
519,1,0,-0.22529,0.0482,0.05075,0.09902,0.00012
520,1,0,-0.22529,0.0482,0.05075,0.09902,0.00012
521,1,0,-0.22529,0.0482,0.05075,0.09902,0.00012
522,1,0,-0.22529,0.0482,0.05075,0.09902,0.00012
523,1,0,-0.22529,0.0482,0.05075,0.09902,0.00012
524,1,0,-0.22529,0.0482,0.05075,0.09902,0.00012
525,1,0,-0.22529,0.0482,0.05075,0.09902,0.00012
526,1,0,-0.22529,0.0482,0.05075,0.09902,0.00012
527,1,0,-0.22529,0.0482,0.05075,0.09902,0.00012
528,1,0,-0.22529,0.0482,0.05075,0.09902,0.00012
529,1,0,-0.22529,0.0482,0.05075,0.09902,0.00012
530,1,0,-0.22529,0.0482,0.05075,0.09902,0.00012
531,1,0,-0.22529,0.0482,0.05075,0.09902,0.00012
532,1,0,-0.22529,0.0482,0.05075,0.09902,0.00012
533,1,0,-0.22529,0.0482,0.05075,0.09902,0.00012
534,1,0,-0.22529,0.0482,0.05075,0.09902,0.00012
535,1,0,-0.22529,0.0482,0.05075,0.09902,0.00012
536,1,0,-0.22529,0.0482,0.05075,0.09902,0.00012
537,1,0,-0.22529,0.0482,0.05075,0.09902,0.00012
538,1,0,-0.22529,0.0482,0.05075,0.09902,0.00012
539,1,0,-0.22529,0.0482,0.05075,0.09902,0.00012
540,1,0,-0.22529,0.0482,0.05075,0.09902,0.00012
541,1,0,-0.22529,0.0482,0.05075,0.09902,0.00012
542,1,0,-0.22529,0.0482,0.05075,0.09902,0.00012
543,1,0,-0.22529,0.0482,0.05075,0.09902,0.00012
544,1,0,-0.22529,0.0482,0.05075,0.09902,0.00012
545,1,0,-0.22529,0.0482,0.05075,0.09902,0.00012
546,1,0,-0.22529,0.0482,0.05075,0.09902,0.00012
547,1,0,-0.22529,0.0482,0.05075,0.09902,0.00012
548,1,0,-0.22529,0.0482,0.05075,0.09902,0.00012
549,1,0,-0.22529,0.0482,0.05075,0.09902,0.00012
550,1,0,-0.22529,0.0482,0.05075,0.09902,0.00012
551,1,0,-0.22529,0.0482,0.05075,0.09902,0.00012
552,1,0,-0.22529,0.0482,0.05075,0.09902,0.00012
553,1,0,-0.22529,0.0482,0.05075,0.09902,0.00012
554,1,0,-0.22529,0.0482,0.05075,0.09902,0.00012
555,1,0,-0.22529,0.0482,0.05075,0.09902,0.00012
556,1,0,-0.22529,0.0482,0.05075,0.09902,0.00012
557,1,0,-0.22529,0.0482,0.05075,0.09902,0.00012
558,1,0,-0.22529,0.0482,0.05075,0.09902,0.00012
559,1,0,-0.22529,0.0482,0.05075,0.09902,0.00012
560,1,0,-0.22529,0.0482,0.05075,0.09902,0.00012
561,1,0,-0.22529,0.0482,0.05075,0.09902,0.00012
562,1,0,-0.22529,0.0482,0.05075,0.09902,0.00012
563,1,0,-0.22529,0.0482,0.05075,0.09902,0.00012
564,1,0,-0.22529,0.0482,0.05075,0.09902,0.00012
565,1,0,-0.22529,0.0482,0.05075,0.09902,0.00012
566,1,0,-0.22529,0.0482,0.05075,0.09902,0.00012
567,1,0,-0.22529,0.0482,0.05075,0.09902,0.00012
568,1,0,-0.22529,0.0482,0.05075,0.09902,0.00012
569,1,0,-0.22529,0.0482,0.05075,0.09902,0.00012
570,1,0,-0.22529,0.0482,0.05075,0.09902,0.00012
571,1,0,-0.22529,0.0482,0.05075,0.09902,0.00012
572,1,0,-0.22529,0.0482,0.05075,0.09902,0.00012
573,1,0,-0.22529,0.0482,0.05075,0.09902,0.00012
574,1,0,-0.22529,0.0482,0.05075,0.09902,0.00012
575,1,0,-0.22529,0.0482,0.05075,0.09902,0.00012
576,1,0,-0.22529,0.0482,0.05075,0.09902,0.00012
577,1,0,-0.22529,0.0482,0.05075,0.09902,0.00012
578,1,0,-0.22529,0.0482,0.05075,0.09902,0.00012
579,1,0,-0.22529,0.0482,0.05075,0.09902,0.00012
580,1,0,-0.22529,0.0482,0.05075,0.09902,0.00012
581,1,0,-0.22529,0.0482,0.05075,0.09902,0.00012
582,1,0,-0.22529,0.0482,0.05075,0.09902,0.00012
583,1,0,-0.22529,0.0482,0.05075,0.09902,0.00012
584,1,0,-0.22529,0.0482,0.05075,0.09902,0.00012
585,1,0,-0.22529,0.0482,0.05075,0.09902,0.00012
586,1,0,-0.22529,0.0482,0.05075,0.09902,0.00012
587,1,0,-0.22529,0.0482,0.05075,0.09902,0.00012
588,1,0,-0.22529,0.0482,0.05075,0.09902,0.00012
589,1,0,-0.22529,0.0482,0.05075,0.09902,0.00012
590,1,0,-0.22529,0.0482,0.05075,0.09902,0.00012
591,1,0,-0.22529,0.0482,0.05075,0.09902,0.00012
592,1,0,-0.22529,0.0482,0.05075,0.09902,0.00012
593,1,0,-0.22529,0.0482,0.05075,0.09902,0.00012
594,1,0,-0.22529,0.0482,0.05075,0.09902,0.00012
595,1,0,-0.22529,0.0482,0.05075,0.09902,0.00012
596,1,0,-0.22529,0.0482,0.05075,0.09902,0.00012
597,1,0,-0.22529,0.0482,0.05075,0.09902,0.00012
598,1,0,-0.22529,0.0482,0.05075,0.09902,0.00012
599,1,0,-0.22529,0.0482,0.05075,0.09902,0.00012
600,1,0,-0.22529,0.0482,0.05075,0.09902,0.00012
601,1,0,-0.22529,0.0482,0.05075,0.09902,0.00012
602,1,0,-0.22529,0.0482,0.05075,0.09902,0.00012
603,1,0,-0.22529,0.0482,0.05075,0.09902,0.00012
604,1,0,-0.22529,0.0482,0.05075,0.09902,0.00012
605,1,0,-0.22529,0.0482,0.05075,0.09902,0.00012
606,1,0,-0.22529,0.0482,0.05075,0.09902,0.00012
607,1,0,-0.22529,0.0482,0.05075,0.09902,0.00012
608,1,0,-0.22529,0.0482,0.05075,0.09902,0.00012
609,1,0,-0.22529,0.0482,0.05075,0.09902,0.00012
610,1,0,-0.22529,0.0482,0.05075,0.09902,0.00012
611,1,0,-0.22529,0.0482,0.05075,0.09902,0.00012
612,1,0,-0.22529,0.0482,0.05075,0.09902,0.00012
613,1,0,-0.22529,0.0482,0.05075,0.09902,0.00012
614,1,0,-0.22529,0.0482,0.05075,0.09902,0.00012
615,1,0,-0.22529,0.0482,0.05075,0.09902,0.00012
616,1,0,-0.22529,0.0482,0.05075,0.09902,0.00012
617,1,0,-0.22529,0.0482,0.05075,0.09902,0.00012
618,1,0,-0.22529,0.0482,0.05075,0.09902,0.00012
619,1,0,-0.22529,0.0482,0.05075,0.09902,0.00012
620,1,0,-0.22529,0.0482,0.05075,0.09902,0.00012
621,1,0,-0.22529,0.0482,0.05075,0.09902,0.00012
622,1,0,-0.19883,0.03781,0.03953,0.07755,0.00024
623,1,0,-0.19883,0.03781,0.03953,0.07755,0.00024
624,1,0,-0.19883,0.03781,0.03953,0.07755,0.00024
625,1,0,-0.19883,0.03781,0.03953,0.07755,0.00024
626,1,0,-0.19883,0.03781,0.03953,0.07755,0.00024
627,1,0,-0.19883,0.03781,0.03953,0.07755,0.00024
628,1,0,-0.19883,0.03781,0.03953,0.07755,0.00024
629,1,0,-0.19883,0.03781,0.03953,0.07755,0.00024
630,1,0,-0.19883,0.03781,0.03953,0.07755,0.00024
631,1,0,-0.19883,0.03781,0.03953,0.07755,0.00024
632,1,0,-0.19883,0.03781,0.03953,0.07755,0.00024
633,1,0,-0.19883,0.03781,0.03953,0.07755,0.00024
634,1,0,-0.19883,0.03781,0.03953,0.07755,0.00024
635,1,0,-0.19883,0.03781,0.03953,0.07755,0.00024
636,1,0,-0.19883,0.03781,0.03953,0.07755,0.00024
637,1,0,-0.19883,0.03781,0.03953,0.07755,0.00024
638,1,0,-0.19883,0.03781,0.03953,0.07755,0.00024
639,1,0,-0.19883,0.03781,0.03953,0.07755,0.00024
640,1,0,-0.19883,0.03781,0.03953,0.07755,0.00024
641,1,0,-0.19883,0.03781,0.03953,0.07755,0.00024
642,1,0,-0.19883,0.03781,0.03953,0.07755,0.00024
643,1,0,-0.19883,0.03781,0.03953,0.07755,0.00024
644,1,0,-0.19883,0.03781,0.03953,0.07755,0.00024
645,1,0,-0.19883,0.03781,0.03953,0.07755,0.00024
646,1,0,-0.19883,0.03781,0.03953,0.07755,0.00024
647,1,0,-0.19883,0.03781,0.03953,0.07755,0.00024
648,1,0,-0.19883,0.03781,0.03953,0.07755,0.00024
649,1,0,-0.19883,0.03781,0.03953,0.07755,0.00024
650,1,0,-0.19883,0.03781,0.03953,0.07755,0.00024
651,1,0,-0.19883,0.03781,0.03953,0.07755,0.00024
652,1,0,-0.19883,0.03781,0.03953,0.07755,0.00024
653,1,0,-0.19883,0.03781,0.03953,0.07755,0.00024
654,1,0,-0.19883,0.03781,0.03953,0.07755,0.00024
655,1,0,-0.19883,0.03781,0.03953,0.07755,0.00024
656,1,0,-0.19883,0.03781,0.03953,0.07755,0.00024
657,1,0,-0.19883,0.03781,0.03953,0.07755,0.00024
658,1,0,-0.19883,0.03781,0.03953,0.07755,0.00024
659,1,0,-0.19883,0.03781,0.03953,0.07755,0.00024
660,1,0,-0.19883,0.03781,0.03953,0.07755,0.00024
661,1,0,-0.19883,0.03781,0.03953,0.07755,0.00024
662,1,0,-0.19883,0.03781,0.03953,0.07755,0.00024
663,1,0,-0.19883,0.03781,0.03953,0.07755,0.00024
664,1,0,-0.19883,0.03781,0.03953,0.07755,0.00024
665,1,0,-0.19883,0.03781,0.03953,0.07755,0.00024
666,1,0,-0.19883,0.03781,0.03953,0.07755,0.00024
667,1,0,-0.19883,0.03781,0.03953,0.07755,0.00024
668,1,0,-0.19883,0.03781,0.03953,0.07755,0.00024
669,1,0,-0.19883,0.03781,0.03953,0.07755,0.00024
670,1,0,-0.19883,0.03781,0.03953,0.07755,0.00024
671,1,0,-0.19883,0.03781,0.03953,0.07755,0.00024
672,1,0,-0.29809,0.08137,0.08886,0.17028,0.00028
673,1,0,-0.29809,0.08137,0.08886,0.17028,0.00028
674,1,0,-0.29809,0.08137,0.08886,0.17028,0.00028
675,1,0,-0.29809,0.08137,0.08886,0.17028,0.00028
676,1,0,-0.29809,0.08137,0.08886,0.17028,0.00028
677,1,0,-0.29809,0.08137,0.08886,0.17028,0.00028
678,1,0,-0.29809,0.08137,0.08886,0.17028,0.00028
679,1,0,-0.29809,0.08137,0.08886,0.17028,0.00028
680,1,0,-0.29809,0.08137,0.08886,0.17028,0.00028
681,1,0,-0.29809,0.08137,0.08886,0.17028,0.00028
682,1,0,-0.29809,0.08137,0.08886,0.17028,0.00028
683,1,0,-0.29809,0.08137,0.08886,0.17028,0.00028
684,1,0,-0.29809,0.08137,0.08886,0.17028,0.00028
685,1,0,-0.29809,0.08137,0.08886,0.17028,0.00028
686,1,0,-0.29809,0.08137,0.08886,0.17028,0.00028
687,1,0,-0.29809,0.08137,0.08886,0.17028,0.00028
688,1,0,-0.29809,0.08137,0.08886,0.17028,0.00028
689,1,0,-0.29809,0.08137,0.08886,0.17028,0.00028
690,1,0,-0.29809,0.08137,0.08886,0.17028,0.00028
691,1,0,-0.29809,0.08137,0.08886,0.17028,0.00028
692,1,0,-0.29809,0.08137,0.08886,0.17028,0.00028
693,1,0,-0.29809,0.08137,0.08886,0.17028,0.00028
694,1,0,-0.29809,0.08137,0.08886,0.17028,0.00028
695,1,0,-0.29809,0.08137,0.08886,0.17028,0.00028
696,1,0,-0.29809,0.08137,0.08886,0.17028,0.00028
697,1,0,-0.29809,0.08137,0.08886,0.17028,0.00028
698,1,0,-0.29809,0.08137,0.08886,0.17028,0.00028
699,1,0,-0.29809,0.08137,0.08886,0.17028,0.00028
700,1,0,-0.29809,0.08137,0.08886,0.17028,0.00028
701,1,0,-0.29809,0.08137,0.08886,0.17028,0.00028
702,1,0,-0.29809,0.08137,0.08886,0.17028,0.00028
703,1,0,-0.29809,0.08137,0.08886,0.17028,0.00028
704,1,0,-0.29809,0.08137,0.08886,0.17028,0.00028
705,1,0,-0.29809,0.08137,0.08886,0.17028,0.00028
706,1,0,-0.29809,0.08137,0.08886,0.17028,0.00028
707,1,0,-0.29809,0.08137,0.08886,0.17028,0.00028
708,1,0,-0.29809,0.08137,0.08886,0.17028,0.00028
709,1,0,-0.29809,0.08137,0.08886,0.17028,0.00028
710,1,0,-0.29809,0.08137,0.08886,0.17028,0.00028
711,1,0,-0.29809,0.08137,0.08886,0.17028,0.00028
712,1,0,-0.29809,0.08137,0.08886,0.17028,0.00028
713,1,0,-0.29809,0.08137,0.08886,0.17028,0.00028
714,1,0,-0.29809,0.08137,0.08886,0.17028,0.00028
715,1,0,-0.29809,0.08137,0.08886,0.17028,0.00028
716,1,0,-0.29809,0.08137,0.08886,0.17028,0.00028
717,1,0,-0.29809,0.08137,0.08886,0.17028,0.00028
718,1,0,-0.29809,0.08137,0.08886,0.17028,0.00028
719,1,0,-0.29809,0.08137,0.08886,0.17028,0.00028
720,1,0,-0.29809,0.08137,0.08886,0.17028,0.00028
721,1,0,-0.29809,0.08137,0.08886,0.17028,0.00028
722,1,0,-0.29809,0.08137,0.08886,0.17028,0.00028
723,1,0,-0.29809,0.08137,0.08886,0.17028,0.00028
724,1,0,-0.29809,0.08137,0.08886,0.17028,0.00028
725,1,0,-0.29809,0.08137,0.08886,0.17028,0.00028
726,1,0,-0.29809,0.08137,0.08886,0.17028,0.00028
727,1,0,-0.29809,0.08137,0.08886,0.17028,0.00028
728,1,0,-0.29809,0.08137,0.08886,0.17028,0.00028
729,1,0,-0.29809,0.08137,0.08886,0.17028,0.00028
730,1,0,-0.29809,0.08137,0.08886,0.17028,0.00028
731,1,0,-0.29809,0.08137,0.08886,0.17028,0.00028
732,1,0,-0.29809,0.08137,0.08886,0.17028,0.00028
733,1,0,-0.29809,0.08137,0.08886,0.17028,0.00028
734,1,0,-0.29809,0.08137,0.08886,0.17028,0.00028
735,1,0,-0.29809,0.08137,0.08886,0.17028,0.00028
736,1,0,-0.29809,0.08137,0.08886,0.17028,0.00028
737,1,0,-0.29809,0.08137,0.08886,0.17028,0.00028
738,1,0,-0.29809,0.08137,0.08886,0.17028,0.00028
739,1,0,-0.29809,0.08137,0.08886,0.17028,0.00028
740,1,0,-0.29809,0.08137,0.08886,0.17028,0.00028
741,1,0,-0.29809,0.08137,0.08886,0.17028,0.00028
742,1,0,-0.29809,0.08137,0.08886,0.17028,0.00028
743,1,0,-0.29809,0.08137,0.08886,0.17028,0.00028
744,1,0,-0.29809,0.08137,0.08886,0.17028,0.00028
745,1,0,-0.29809,0.08137,0.08886,0.17028,0.00028
746,1,0,-0.29809,0.08137,0.08886,0.17028,0.00028
747,1,0,-0.29809,0.08137,0.08886,0.17028,0.00028
748,1,0,-0.29809,0.08137,0.08886,0.17028,0.00028
749,1,0,-0.29809,0.08137,0.08886,0.17028,0.00028
750,1,0,-0.29809,0.08137,0.08886,0.17028,0.00028
751,1,0,-0.29809,0.08137,0.08886,0.17028,0.00028
752,1,0,-0.29809,0.08137,0.08886,0.17028,0.00028
753,1,0,-0.29809,0.08137,0.08886,0.17028,0.00028
754,1,0,-0.29809,0.08137,0.08886,0.17028,0.00028
755,1,0,-0.29809,0.08137,0.08886,0.17028,0.00028
756,1,0,-0.29809,0.08137,0.08886,0.17028,0.00028
757,1,0,-0.29809,0.08137,0.08886,0.17028,0.00028
758,1,0,-0.29809,0.08137,0.08886,0.17028,0.00028
759,1,0,-0.29809,0.08137,0.08886,0.17028,0.00028
760,1,0,-0.29809,0.08137,0.08886,0.17028,0.00028
761,1,0,-0.29809,0.08137,0.08886,0.17028,0.00028
762,1,0,-0.29809,0.08137,0.08886,0.17028,0.00028
763,1,0,-0.29809,0.08137,0.08886,0.17028,0.00028
764,1,0,-0.29809,0.08137,0.08886,0.17028,0.00028
765,1,0,-0.29809,0.08137,0.08886,0.17028,0.00028
766,1,0,-0.29809,0.08137,0.08886,0.17028,0.00028
767,1,0,-0.29809,0.08137,0.08886,0.17028,0.00028
768,1,0,-0.29809,0.08137,0.08886,0.17028,0.00028
769,1,0,-0.29809,0.08137,0.08886,0.17028,0.00028
770,1,0,-0.29809,0.08137,0.08886,0.17028,0.00028
771,1,0,-0.29809,0.08137,0.08886,0.17028,0.00028
772,1,0,-0.29809,0.08137,0.08886,0.17028,0.00028
773,1,0,-0.29809,0.08137,0.08886,0.17028,0.00028
774,1,0,-0.29809,0.08137,0.08886,0.17028,0.00028
775,1,0,-0.29809,0.08137,0.08886,0.17028,0.00028
776,1,0,-0.29809,0.08137,0.08886,0.17028,0.00028
777,1,0,-0.29809,0.08137,0.08886,0.17028,0.00028
778,1,0,-0.29809,0.08137,0.08886,0.17028,0.00028
779,1,0,-0.29809,0.08137,0.08886,0.17028,0.00028
780,1,0,-0.29809,0.08137,0.08886,0.17028,0.00028
781,1,0,-0.29809,0.08137,0.08886,0.17028,0.00028
782,1,0,-0.29809,0.08137,0.08886,0.17028,0.00028
783,1,0,-0.29809,0.08137,0.08886,0.17028,0.00028
784,1,0,-0.29809,0.08137,0.08886,0.17028,0.00028
785,1,0,-0.29809,0.08137,0.08886,0.17028,0.00028
786,1,0,-0.29809,0.08137,0.08886,0.17028,0.00028
787,1,0,-0.29809,0.08137,0.08886,0.17028,0.00028
788,1,0,-0.29809,0.08137,0.08886,0.17028,0.00028
789,1,0,-0.29809,0.08137,0.08886,0.17028,0.00028
790,1,0,-0.29809,0.08137,0.08886,0.17028,0.00028
791,1,0,-0.29809,0.08137,0.08886,0.17028,0.00028
792,1,0,-0.29809,0.08137,0.08886,0.17028,0.00028
793,1,0,-0.29809,0.08137,0.08886,0.17028,0.00028
794,1,0,-0.29809,0.08137,0.08886,0.17028,0.00028
795,1,0,-0.29809,0.08137,0.08886,0.17028,0.00028
796,1,0,-0.29809,0.08137,0.08886,0.17028,0.00028
797,1,0,-0.29809,0.08137,0.08886,0.17028,0.00028
798,1,0,-0.29809,0.08137,0.08886,0.17028,0.00028
799,1,0,-0.29809,0.08137,0.08886,0.17028,0.00028
800,1,0,-0.29809,0.08137,0.08886,0.17028,0.00028
801,1,0,-0.29809,0.08137,0.08886,0.17028,0.00028
802,1,0,-0.29809,0.08137,0.08886,0.17028,0.00028
803,1,0,-0.29809,0.08137,0.08886,0.17028,0.00028
804,1,0,-0.29809,0.08137,0.08886,0.17028,0.00028
805,1,0,-0.29809,0.08137,0.08886,0.17028,0.00028
806,1,0,-0.29809,0.08137,0.08886,0.17028,0.00028
807,1,0,-0.29809,0.08137,0.08886,0.17028,0.00028
808,1,0,-0.29809,0.08137,0.08886,0.17028,0.00028
809,1,0,-0.29809,0.08137,0.08886,0.17028,0.00028
810,1,0,-0.29809,0.08137,0.08886,0.17028,0.00028
811,1,0,-0.29809,0.08137,0.08886,0.17028,0.00028
812,1,0,-0.29809,0.08137,0.08886,0.17028,0.00028
813,1,0,-0.29809,0.08137,0.08886,0.17028,0.00028
814,1,0,-0.29809,0.08137,0.08886,0.17028,0.00028
815,1,0,-0.29809,0.08137,0.08886,0.17028,0.00028
816,1,0,-0.29809,0.08137,0.08886,0.17028,0.00028
817,1,0,-0.29809,0.08137,0.08886,0.17028,0.00028
818,1,0,-0.29809,0.08137,0.08886,0.17028,0.00028
819,1,0,-0.29809,0.08137,0.08886,0.17028,0.00028
820,1,0,-0.29809,0.08137,0.08886,0.17028,0.00028
821,1,0,-0.29809,0.08137,0.08886,0.17028,0.00028
822,1,0,-0.29809,0.08137,0.08886,0.17028,0.00028
823,1,0,-0.29809,0.08137,0.08886,0.17028,0.00028
824,1,0,-0.29809,0.08137,0.08886,0.17028,0.00028
825,1,0,-0.29809,0.08137,0.08886,0.17028,0.00028
826,1,0,-0.29809,0.08137,0.08886,0.17028,0.00028
827,1,0,-0.29809,0.08137,0.08886,0.17028,0.00028
828,1,0,-0.29809,0.08137,0.08886,0.17028,0.00028
829,1,0,-0.29809,0.08137,0.08886,0.17028,0.00028
830,1,0,-0.29809,0.08137,0.08886,0.17028,0.00028
831,1,0,-0.29809,0.08137,0.08886,0.17028,0.00028
832,1,0,-0.29809,0.08137,0.08886,0.17028,0.00028
833,1,0,-0.29809,0.08137,0.08886,0.17028,0.00028
834,1,0,-0.29809,0.08137,0.08886,0.17028,0.00028
835,1,0,-0.29809,0.08137,0.08886,0.17028,0.00028
836,1,0,-0.29809,0.08137,0.08886,0.17028,0.00028
837,1,0,-0.29809,0.08137,0.08886,0.17028,0.00028
838,1,0,-0.29809,0.08137,0.08886,0.17028,0.00028
839,1,0,-0.29809,0.08137,0.08886,0.17028,0.00028
840,1,0,-0.29809,0.08137,0.08886,0.17028,0.00028
841,1,0,-0.29809,0.08137,0.08886,0.17028,0.00028
842,1,0,-0.29809,0.08137,0.08886,0.17028,0.00028
843,1,0,-0.29809,0.08137,0.08886,0.17028,0.00028
844,1,0,-0.29809,0.08137,0.08886,0.17028,0.00028
845,1,0,-0.29809,0.08137,0.08886,0.17028,0.00028
846,1,0,-0.29809,0.08137,0.08886,0.17028,0.00028
847,1,0,-0.29809,0.08137,0.08886,0.17028,0.00028
848,1,0,-0.29809,0.08137,0.08886,0.17028,0.00028
849,1,0,-0.29809,0.08137,0.08886,0.17028,0.00028
850,1,0,-0.29809,0.08137,0.08886,0.17028,0.00028
851,1,0,-0.29809,0.08137,0.08886,0.17028,0.00028
852,1,0,-0.29809,0.08137,0.08886,0.17028,0.00028
853,1,0,-0.29809,0.08137,0.08886,0.17028,0.00028
854,1,0,-0.29809,0.08137,0.08886,0.17028,0.00028
855,1,1,-0.20526,0.04013,0.04213,0.08255,0.00032
856,1,1,-0.20526,0.04013,0.04213,0.08255,0.00032
857,1,0,-0.22492,0.04782,0.05059,0.09872,0.00037
858,1,0,-0.22492,0.04782,0.05059,0.09872,0.00037
859,1,0,-0.22492,0.04782,0.05059,0.09872,0.00037
860,1,0,-0.22492,0.04782,0.05059,0.09872,0.00037
861,1,0,-0.22492,0.04782,0.05059,0.09872,0.00037
862,1,0,-0.22492,0.04782,0.05059,0.09872,0.00037
863,1,0,-0.22492,0.04782,0.05059,0.09872,0.00037
864,1,0,-0.22492,0.04782,0.05059,0.09872,0.00037
865,1,0,-0.22492,0.04782,0.05059,0.09872,0.00037
866,1,0,-0.22492,0.04782,0.05059,0.09872,0.00037
867,1,0,-0.22492,0.04782,0.05059,0.09872,0.00037
868,1,0,-0.22492,0.04782,0.05059,0.09872,0.00037
869,1,0,-0.22492,0.04782,0.05059,0.09872,0.00037
870,1,0,-0.22492,0.04782,0.05059,0.09872,0.00037
871,1,0,-0.22492,0.04782,0.05059,0.09872,0.00037
872,1,0,-0.22492,0.04782,0.05059,0.09872,0.00037
873,1,0,-0.22492,0.04782,0.05059,0.09872,0.00037
874,1,0,-0.22492,0.04782,0.05059,0.09872,0.00037
875,1,0,-0.22492,0.04782,0.05059,0.09872,0.00037
876,1,0,-0.22492,0.04782,0.05059,0.09872,0.00037
877,1,0,-0.22492,0.04782,0.05059,0.09872,0.00037
878,1,0,-0.22492,0.04782,0.05059,0.09872,0.00037
879,1,0,-0.22492,0.04782,0.05059,0.09872,0.00037
880,1,0,-0.22492,0.04782,0.05059,0.09872,0.00037
881,1,0,-0.22492,0.04782,0.05059,0.09872,0.00037
882,1,0,-0.22492,0.04782,0.05059,0.09872,0.00037
883,1,0,-0.22492,0.04782,0.05059,0.09872,0.00037
884,1,0,-0.22492,0.04782,0.05059,0.09872,0.00037
885,1,0,-0.22492,0.04782,0.05059,0.09872,0.00037
886,1,0,-0.22492,0.04782,0.05059,0.09872,0.00037
887,1,0,-0.22492,0.04782,0.05059,0.09872,0.00037
888,1,0,-0.22492,0.04782,0.05059,0.09872,0.00037
889,1,0,-0.22492,0.04782,0.05059,0.09872,0.00037
890,1,0,-0.22492,0.04782,0.05059,0.09872,0.00037
891,1,0,-0.22492,0.04782,0.05059,0.09872,0.00037
892,1,0,-0.22492,0.04782,0.05059,0.09872,0.00037
893,1,0,-0.22492,0.04782,0.05059,0.09872,0.00037
894,1,0,-0.22492,0.04782,0.05059,0.09872,0.00037
895,1,0,-0.22492,0.04782,0.05059,0.09872,0.00037
896,1,0,-0.22492,0.04782,0.05059,0.09872,0.00037
897,1,0,-0.22492,0.04782,0.05059,0.09872,0.00037
898,1,0,-0.22492,0.04782,0.05059,0.09872,0.00037
899,1,0,-0.22492,0.04782,0.05059,0.09872,0.00037
900,1,0,-0.22492,0.04782,0.05059,0.09872,0.00037
901,1,0,-0.22492,0.04782,0.05059,0.09872,0.00037
902,1,0,-0.22492,0.04782,0.05059,0.09872,0.00037
903,1,0,-0.22492,0.04782,0.05059,0.09872,0.00037
904,1,0,-0.22492,0.04782,0.05059,0.09872,0.00037
905,1,0,-0.22492,0.04782,0.05059,0.09872,0.00037
906,1,0,-0.22492,0.04782,0.05059,0.09872,0.00037
907,1,0,-0.22492,0.04782,0.05059,0.09872,0.00037
908,1,0,-0.22492,0.04782,0.05059,0.09872,0.00037
909,1,0,-0.22492,0.04782,0.05059,0.09872,0.00037
910,1,0,-0.22492,0.04782,0.05059,0.09872,0.00037
911,1,0,-0.22492,0.04782,0.05059,0.09872,0.00037
912,1,0,-0.22492,0.04782,0.05059,0.09872,0.00037
913,1,0,-0.33706,0.1017,0.11361,0.21525,0.0004
914,1,0,-0.33706,0.1017,0.11361,0.21525,0.0004
915,1,0,-0.33706,0.1017,0.11361,0.21525,0.0004
916,1,0,-0.33706,0.1017,0.11361,0.21525,0.0004
917,1,0,-0.33706,0.1017,0.11361,0.21525,0.0004
918,1,0,-0.33706,0.1017,0.11361,0.21525,0.0004
919,1,0,-0.33706,0.1017,0.11361,0.21525,0.0004
920,1,0,-0.33706,0.1017,0.11361,0.21525,0.0004
921,1,0,-0.33706,0.1017,0.11361,0.21525,0.0004
922,1,0,-0.33706,0.1017,0.11361,0.21525,0.0004
923,1,0,-0.33706,0.1017,0.11361,0.21525,0.0004
924,1,0,-0.33706,0.1017,0.11361,0.21525,0.0004
925,1,0,-0.33706,0.1017,0.11361,0.21525,0.0004
926,1,0,-0.33706,0.1017,0.11361,0.21525,0.0004
927,1,0,-0.33706,0.1017,0.11361,0.21525,0.0004
928,1,0,-0.33706,0.1017,0.11361,0.21525,0.0004
929,1,0,-0.33706,0.1017,0.11361,0.21525,0.0004
930,1,0,-0.33706,0.1017,0.11361,0.21525,0.0004
931,1,0,-0.33706,0.1017,0.11361,0.21525,0.0004
932,1,0,-0.33706,0.1017,0.11361,0.21525,0.0004
933,1,0,-0.33706,0.1017,0.11361,0.21525,0.0004
934,1,0,-0.33706,0.1017,0.11361,0.21525,0.0004
935,1,0,-0.33706,0.1017,0.11361,0.21525,0.0004
936,1,0,-0.33706,0.1017,0.11361,0.21525,0.0004
937,1,0,-0.33706,0.1017,0.11361,0.21525,0.0004
938,1,0,-0.33706,0.1017,0.11361,0.21525,0.0004
939,1,0,-0.33706,0.1017,0.11361,0.21525,0.0004
940,1,0,-0.33706,0.1017,0.11361,0.21525,0.0004
941,1,0,-0.33706,0.1017,0.11361,0.21525,0.0004
942,1,0,-0.33706,0.1017,0.11361,0.21525,0.0004
943,1,0,-0.33706,0.1017,0.11361,0.21525,0.0004
944,1,0,-0.33706,0.1017,0.11361,0.21525,0.0004
945,1,0,-0.33706,0.1017,0.11361,0.21525,0.0004
946,1,0,-0.33706,0.1017,0.11361,0.21525,0.0004
947,1,0,-0.33706,0.1017,0.11361,0.21525,0.0004
948,1,0,-0.33706,0.1017,0.11361,0.21525,0.0004
949,1,0,-0.33706,0.1017,0.11361,0.21525,0.0004
950,1,0,-0.33706,0.1017,0.11361,0.21525,0.0004
951,1,0,-0.33706,0.1017,0.11361,0.21525,0.0004
952,1,0,-0.33706,0.1017,0.11361,0.21525,0.0004
953,1,0,-0.33706,0.1017,0.11361,0.21525,0.0004
954,1,0,-0.33706,0.1017,0.11361,0.21525,0.0004
955,1,0,-0.33706,0.1017,0.11361,0.21525,0.0004
956,1,0,-0.33706,0.1017,0.11361,0.21525,0.0004
957,1,0,-0.33706,0.1017,0.11361,0.21525,0.0004
958,1,0,-0.33706,0.1017,0.11361,0.21525,0.0004
959,1,0,-0.33706,0.1017,0.11361,0.21525,0.0004
960,1,0,-0.33706,0.1017,0.11361,0.21525,0.0004
961,1,0,-0.33706,0.1017,0.11361,0.21525,0.0004
962,1,0,-0.33706,0.1017,0.11361,0.21525,0.0004
963,1,0,-0.33706,0.1017,0.11361,0.21525,0.0004
964,1,0,-0.33706,0.1017,0.11361,0.21525,0.0004
965,1,0,-0.33706,0.1017,0.11361,0.21525,0.0004
966,1,0,-0.33706,0.1017,0.11361,0.21525,0.0004
967,1,0,-0.33706,0.1017,0.11361,0.21525,0.0004
968,1,0,-0.33706,0.1017,0.11361,0.21525,0.0004
969,1,0,-0.33706,0.1017,0.11361,0.21525,0.0004
970,1,0,-0.33706,0.1017,0.11361,0.21525,0.0004
971,1,0,-0.33706,0.1017,0.11361,0.21525,0.0004
972,1,0,-0.33706,0.1017,0.11361,0.21525,0.0004
973,1,0,-0.33706,0.1017,0.11361,0.21525,0.0004
974,1,0,-0.33706,0.1017,0.11361,0.21525,0.0004
975,1,0,-0.33706,0.1017,0.11361,0.21525,0.0004
976,1,0,-0.33706,0.1017,0.11361,0.21525,0.0004
977,1,0,-0.33706,0.1017,0.11361,0.21525,0.0004
978,1,0,-0.33706,0.1017,0.11361,0.21525,0.0004
979,1,0,-0.33706,0.1017,0.11361,0.21525,0.0004
980,1,0,-0.33706,0.1017,0.11361,0.21525,0.0004
981,1,0,-0.33706,0.1017,0.11361,0.21525,0.0004
982,1,0,-0.33706,0.1017,0.11361,0.21525,0.0004
983,1,0,-0.33706,0.1017,0.11361,0.21525,0.0004
984,1,0,-0.33706,0.1017,0.11361,0.21525,0.0004
985,1,0,-0.33706,0.1017,0.11361,0.21525,0.0004
986,1,0,-0.33706,0.1017,0.11361,0.21525,0.0004
987,1,0,-0.33706,0.1017,0.11361,0.21525,0.0004
988,1,0,-0.33706,0.1017,0.11361,0.21525,0.0004
989,1,0,-0.33706,0.1017,0.11361,0.21525,0.0004
990,1,0,-0.33706,0.1017,0.11361,0.21525,0.0004
991,1,0,-0.33706,0.1017,0.11361,0.21525,0.0004
992,1,0,-0.33706,0.1017,0.11361,0.21525,0.0004
993,1,0,-0.33706,0.1017,0.11361,0.21525,0.0004
994,1,0,-0.33706,0.1017,0.11361,0.21525,0.0004
995,1,0,-0.33706,0.1017,0.11361,0.21525,0.0004
996,1,0,-0.33706,0.1017,0.11361,0.21525,0.0004
997,1,0,-0.33706,0.1017,0.11361,0.21525,0.0004
998,1,0,-0.33706,0.1017,0.11361,0.21525,0.0004
999,1,0,-0.33706,0.1017,0.11361,0.21525,0.0004
1000,1,0,-0.33706,0.1017,0.11361,0.21525,0.0004
1001,1,0,-0.33706,0.1017,0.11361,0.21525,0.0004
1002,1,0,-0.33706,0.1017,0.11361,0.21525,0.0004
1003,1,0,-0.33706,0.1017,0.11361,0.21525,0.0004
1004,1,0,-0.33706,0.1017,0.11361,0.21525,0.0004
1005,1,0,-0.33706,0.1017,0.11361,0.21525,0.0004
1006,1,0,-0.33706,0.1017,0.11361,0.21525,0.0004
1007,1,0,-0.33706,0.1017,0.11361,0.21525,0.0004
1008,1,0,-0.33706,0.1017,0.11361,0.21525,0.0004
1009,1,0,-0.33706,0.1017,0.11361,0.21525,0.0004
1010,1,0,-0.33706,0.1017,0.11361,0.21525,0.0004
1011,1,0,-0.33706,0.1017,0.11361,0.21525,0.0004
1012,1,0,-0.33706,0.1017,0.11361,0.21525,0.0004
1013,1,0,-0.33706,0.1017,0.11361,0.21525,0.0004
1014,1,0,-0.33706,0.1017,0.11361,0.21525,0.0004
1015,1,0,-0.33706,0.1017,0.11361,0.21525,0.0004
1016,1,0,-0.33706,0.1017,0.11361,0.21525,0.0004
1017,1,0,-0.33706,0.1017,0.11361,0.21525,0.0004
1018,1,0,-0.33706,0.1017,0.11361,0.21525,0.0004
1019,1,0,-0.33706,0.1017,0.11361,0.21525,0.0004
1020,1,0,-0.33706,0.1017,0.11361,0.21525,0.0004
1021,1,0,-0.33706,0.1017,0.11361,0.21525,0.0004
1022,1,0,-0.33706,0.1017,0.11361,0.21525,0.0004
1023,1,0,-0.33706,0.1017,0.11361,0.21525,0.0004
1024,1,0,-0.33706,0.1017,0.11361,0.21525,0.0004
1025,1,0,-0.33706,0.1017,0.11361,0.21525,0.0004
1026,1,0,-0.33706,0.1017,0.11361,0.21525,0.0004
1027,1,0,-0.33706,0.1017,0.11361,0.21525,0.0004
1028,1,0,-0.33706,0.1017,0.11361,0.21525,0.0004
1029,1,0,-0.33706,0.1017,0.11361,0.21525,0.0004
1030,1,0,-0.33706,0.1017,0.11361,0.21525,0.0004
1031,1,0,-0.33706,0.1017,0.11361,0.21525,0.0004
1032,1,0,-0.33706,0.1017,0.11361,0.21525,0.0004
1033,1,0,-0.33706,0.1017,0.11361,0.21525,0.0004
1034,1,0,-0.33706,0.1017,0.11361,0.21525,0.0004
1035,1,0,-0.33706,0.1017,0.11361,0.21525,0.0004
1036,1,0,-0.33706,0.1017,0.11361,0.21525,0.0004
1037,1,0,-0.33706,0.1017,0.11361,0.21525,0.0004
1038,1,0,-0.33706,0.1017,0.11361,0.21525,0.0004
1039,1,0,-0.33706,0.1017,0.11361,0.21525,0.0004
1040,1,0,-0.33706,0.1017,0.11361,0.21525,0.0004
1041,1,0,-0.33706,0.1017,0.11361,0.21525,0.0004
1042,1,0,-0.33706,0.1017,0.11361,0.21525,0.0004
1043,1,0,-0.33706,0.1017,0.11361,0.21525,0.0004
1044,1,0,-0.33706,0.1017,0.11361,0.21525,0.0004
1045,1,0,-0.33706,0.1017,0.11361,0.21525,0.0004
1046,1,0,-0.33706,0.1017,0.11361,0.21525,0.0004
1047,1,0,-0.33706,0.1017,0.11361,0.21525,0.0004
1048,1,0,-0.33706,0.1017,0.11361,0.21525,0.0004
1049,1,0,-0.33706,0.1017,0.11361,0.21525,0.0004
1050,1,0,-0.33706,0.1017,0.11361,0.21525,0.0004
1051,1,0,-0.33706,0.1017,0.11361,0.21525,0.0004
1052,1,0,-0.33706,0.1017,0.11361,0.21525,0.0004
1053,1,0,-0.33706,0.1017,0.11361,0.21525,0.0004
1054,1,0,-0.33706,0.1017,0.11361,0.21525,0.0004
1055,1,0,-0.33706,0.1017,0.11361,0.21525,0.0004
1056,1,0,-0.33706,0.1017,0.11361,0.21525,0.0004
1057,1,0,-0.33706,0.1017,0.11361,0.21525,0.0004
1058,1,0,-0.33706,0.1017,0.11361,0.21525,0.0004
1059,1,0,-0.33706,0.1017,0.11361,0.21525,0.0004
1060,1,0,-0.33706,0.1017,0.11361,0.21525,0.0004
1061,1,0,-0.33706,0.1017,0.11361,0.21525,0.0004
1062,1,0,-0.33706,0.1017,0.11361,0.21525,0.0004
1063,1,0,-0.33706,0.1017,0.11361,0.21525,0.0004
1064,1,0,-0.33706,0.1017,0.11361,0.21525,0.0004
1065,1,0,-0.33706,0.1017,0.11361,0.21525,0.0004
1066,1,0,-0.33706,0.1017,0.11361,0.21525,0.0004
1067,1,0,-0.33706,0.1017,0.11361,0.21525,0.0004
1068,1,0,-0.33706,0.1017,0.11361,0.21525,0.0004
1069,1,0,-0.33706,0.1017,0.11361,0.21525,0.0004
1070,1,0,-0.33706,0.1017,0.11361,0.21525,0.0004
1071,1,0,-0.33706,0.1017,0.11361,0.21525,0.0004
1072,1,0,-0.33706,0.1017,0.11361,0.21525,0.0004
1073,1,0,-0.33706,0.1017,0.11361,0.21525,0.0004
1074,1,0,-0.33706,0.1017,0.11361,0.21525,0.0004
1075,1,0,-0.33706,0.1017,0.11361,0.21525,0.0004
1076,1,0,-0.33706,0.1017,0.11361,0.21525,0.0004
1077,1,0,-0.33706,0.1017,0.11361,0.21525,0.0004
1078,1,0,-0.33706,0.1017,0.11361,0.21525,0.0004
1079,1,0,-0.33706,0.1017,0.11361,0.21525,0.0004
1080,1,0,-0.33706,0.1017,0.11361,0.21525,0.0004
1081,1,0,-0.33706,0.1017,0.11361,0.21525,0.0004
1082,1,0,-0.33706,0.1017,0.11361,0.21525,0.0004
1083,1,0,-0.33706,0.1017,0.11361,0.21525,0.0004
1084,1,0,-0.33706,0.1017,0.11361,0.21525,0.0004
1085,1,0,-0.33706,0.1017,0.11361,0.21525,0.0004
1086,1,0,-0.33706,0.1017,0.11361,0.21525,0.0004
1087,1,0,-0.33706,0.1017,0.11361,0.21525,0.0004
1088,1,0,-0.33706,0.1017,0.11361,0.21525,0.0004
1089,1,0,-0.33706,0.1017,0.11361,0.21525,0.0004
1090,1,0,-0.33706,0.1017,0.11361,0.21525,0.0004
1091,1,0,-0.33706,0.1017,0.11361,0.21525,0.0004
1092,1,0,-0.33706,0.1017,0.11361,0.21525,0.0004
1093,1,1,-0.30778,0.08613,0.09473,0.18105,0.00048
1094,1,1,-0.30778,0.08613,0.09473,0.18105,0.00048
1095,1,1,-0.30778,0.08613,0.09473,0.18105,0.00048
1096,1,1,-0.23223,0.05073,0.05393,0.10508,0.0005
1097,1,1,-0.23223,0.05073,0.05393,0.10508,0.0005
1098,1,1,-0.34805,0.1075,0.12114,0.22877,0.00069
1099,1,1,-0.34805,0.1075,0.12114,0.22877,0.00069
1100,1,1,-0.34805,0.1075,0.12114,0.22877,0.00069
1101,1,1,-0.30779,0.08548,0.09473,0.18113,0.00128
1102,1,1,-0.30779,0.08548,0.09473,0.18113,0.00128
1103,1,1,-0.46076,0.17403,0.2123,0.3853,0.00162
1104,1,1,-0.46076,0.17403,0.2123,0.3853,0.00162
1105,1,1,-0.46076,0.17403,0.2123,0.3853,0.00162
1106,1,1,-0.46076,0.17403,0.2123,0.3853,0.00162
1107,1,1,-0.46076,0.17403,0.2123,0.3853,0.00162
1108,1,1,-0.46076,0.17403,0.2123,0.3853,0.00162
1109,1,1,-0.46076,0.17403,0.2123,0.3853,0.00162
1110,1,1,-0.46076,0.17403,0.2123,0.3853,0.00162
1111,1,1,-0.46076,0.17403,0.2123,0.3853,0.00162
1112,1,1,-0.46076,0.17403,0.2123,0.3853,0.00162
1113,1,1,-0.34838,0.10672,0.12137,0.2293,0.00193
1114,1,1,-0.5211,0.21215,0.27154,0.48091,0.00228
1115,1,1,-0.5211,0.21215,0.27154,0.48091,0.00228
1116,1,6,0.25502,0.94132,0.06504,0.12618,0.00282
1117,1,2,-0.54055,0.2227,0.2922,0.51387,0.0058
1118,1,2,-0.54055,0.2227,0.2922,0.51387,0.0058
1119,1,2,-0.71643,0.33385,0.51327,0.8321,0.0124
1120,1,2,-0.71643,0.33385,0.51327,0.8321,0.0124
1121,1,2,-0.71643,0.33385,0.51327,0.8321,0.0124
1122,1,2,-0.81045,0.39043,0.65683,1.01524,0.01673
1123,1,2,-0.81045,0.39043,0.65683,1.01524,0.01673
1124,1,4,0.6145,0.73927,0.37761,0.64687,0.02668
1125,1,0,2.97729,0.1017,8.86427,4.58762,0.03122
1126,1,0,2.97729,0.1017,8.86427,4.58762,0.03122
1127,1,0,2.97729,0.1017,8.86427,4.58762,0.03122
1128,1,0,2.97729,0.1017,8.86427,4.58762,0.03122
1129,1,0,2.97729,0.1017,8.86427,4.58762,0.03122
1130,1,0,2.97729,0.1017,8.86427,4.58762,0.03122
1131,1,0,2.97729,0.1017,8.86427,4.58762,0.03122
1132,1,0,2.97729,0.1017,8.86427,4.58762,0.03122
1133,1,0,2.97729,0.1017,8.86427,4.58762,0.03122
1134,1,0,2.97729,0.1017,8.86427,4.58762,0.03122
1135,1,0,2.97729,0.1017,8.86427,4.58762,0.03122
1136,1,0,2.97729,0.1017,8.86427,4.58762,0.03122
1137,1,0,2.97729,0.1017,8.86427,4.58762,0.03122
1138,1,0,2.97729,0.1017,8.86427,4.58762,0.03122
1139,1,0,2.97729,0.1017,8.86427,4.58762,0.03122
1140,1,0,2.97729,0.1017,8.86427,4.58762,0.03122
1141,1,0,2.97729,0.1017,8.86427,4.58762,0.03122
1142,1,0,2.97729,0.1017,8.86427,4.58762,0.03122
1143,1,0,2.97729,0.1017,8.86427,4.58762,0.03122
1144,1,0,2.97729,0.1017,8.86427,4.58762,0.03122
1145,1,0,2.97729,0.1017,8.86427,4.58762,0.03122
1146,1,3,0.83049,0.60373,0.68972,1.06053,0.03503
1147,1,0,3.3653,0.08137,11.32524,5.0334,0.03594
1148,1,0,3.3653,0.08137,11.32524,5.0334,0.03594
1149,1,0,3.3653,0.08137,11.32524,5.0334,0.03594
1150,1,0,3.3653,0.08137,11.32524,5.0334,0.03594
1151,1,0,3.3653,0.08137,11.32524,5.0334,0.03594
1152,1,0,3.3653,0.08137,11.32524,5.0334,0.03594
1153,1,0,3.3653,0.08137,11.32524,5.0334,0.03594
1154,1,0,3.3653,0.08137,11.32524,5.0334,0.03594
1155,1,0,3.3653,0.08137,11.32524,5.0334,0.03594
1156,1,0,3.3653,0.08137,11.32524,5.0334,0.03594
1157,1,0,3.3653,0.08137,11.32524,5.0334,0.03594
1158,1,0,3.3653,0.08137,11.32524,5.0334,0.03594
1159,1,0,3.3653,0.08137,11.32524,5.0334,0.03594
1160,1,0,3.3653,0.08137,11.32524,5.0334,0.03594
1161,1,0,3.3653,0.08137,11.32524,5.0334,0.03594
1162,1,0,3.3653,0.08137,11.32524,5.0334,0.03594
1163,1,1,2.18688,0.17403,4.78244,3.52376,0.03647
1164,1,1,2.18688,0.17403,4.78244,3.52376,0.03647
1165,1,1,2.18688,0.17403,4.78244,3.52376,0.03647
1166,1,2,1.26532,0.39043,1.60103,1.92891,0.04079
1167,1,2,1.26532,0.39043,1.60103,1.92891,0.04079
1168,1,2,1.26532,0.39043,1.60103,1.92891,0.04079
1169,1,3,-0.75421,0.34591,0.56883,0.91321,0.04299
1170,1,0,4.44884,0.0482,19.79217,6.0786,0.04493
1171,1,0,4.44884,0.0482,19.79217,6.0786,0.04493
1172,1,0,4.44884,0.0482,19.79217,6.0786,0.04493
1173,1,0,4.44884,0.0482,19.79217,6.0786,0.04493
1174,1,0,4.44884,0.0482,19.79217,6.0786,0.04493
1175,1,0,4.44884,0.0482,19.79217,6.0786,0.04493
1176,1,0,4.44884,0.0482,19.79217,6.0786,0.04493
1177,1,0,4.44884,0.0482,19.79217,6.0786,0.04493
1178,1,0,4.44884,0.0482,19.79217,6.0786,0.04493
1179,1,0,4.44884,0.0482,19.79217,6.0786,0.04493
1180,1,0,4.44884,0.0482,19.79217,6.0786,0.04493
1181,1,0,4.44884,0.0482,19.79217,6.0786,0.04493
1182,1,1,2.88958,0.1075,8.34966,4.48604,0.04784
1183,1,1,2.88958,0.1075,8.34966,4.48604,0.04784
1184,1,1,2.88958,0.1075,8.34966,4.48604,0.04784
1185,1,1,2.88958,0.1075,8.34966,4.48604,0.04784
1186,1,1,2.88958,0.1075,8.34966,4.48604,0.04784
1187,1,2,1.42955,0.33385,2.04362,2.24718,0.04939
1188,1,2,1.42955,0.33385,2.04362,2.24718,0.04939
1189,1,0,5.02893,0.03811,25.29009,6.5478,0.05165
1190,1,0,5.02893,0.03811,25.29009,6.5478,0.05165
1191,1,0,5.02893,0.03811,25.29009,6.5478,0.05165
1192,1,1,3.26571,0.08613,10.66483,4.92888,0.05443
1193,1,1,3.26571,0.08613,10.66483,4.92888,0.05443
1194,1,1,3.26571,0.08613,10.66483,4.92888,0.05443
1195,1,1,3.26571,0.08613,10.66483,4.92888,0.05443
1196,1,2,1.88671,0.2227,3.55966,3.06352,0.07071
1197,1,3,-1.26527,0.60373,1.60091,1.94535,0.08132
1198,1,3,-1.26527,0.60373,1.60091,1.94535,0.08132
1199,1,4,0.92893,0.55914,0.86292,1.27251,0.08149
1200,1,3,1.24304,0.40529,1.54514,1.90203,0.08187
1201,1,3,1.40358,0.34777,1.97005,2.21898,0.09939
1202,1,4,-1.17816,0.55914,1.38807,1.79275,0.13108
1203,1,2,1.91157,0.22128,3.65411,3.13236,0.1402
1204,1,0,4.4782,0.04782,20.0543,6.1245,0.14524
1205,1,0,5.05961,0.03781,25.59967,6.58966,0.15401
1206,1,0,5.05961,0.03781,25.59967,6.58966,0.15401
1207,1,0,5.05961,0.03781,25.59967,6.58966,0.15401
1208,1,4,-1.32893,0.61846,1.76607,2.09958,0.15808
1209,1,0,7.55478,0.01727,57.07466,8.14363,0.18707
1210,1,0,7.55478,0.01727,57.07466,8.14363,0.18707
1211,1,0,7.55478,0.01727,57.07466,8.14363,0.18707
1212,1,5,-1.41803,0.63107,2.01082,2.34437,0.35295
1213,1,8,-10.83184,0.99145,117.32872,9.6335,1.34485
